id,a_category,a_intent,a_human,b_producer,b_human,b_desc,b_wants
211036677341,human,wants_call,True,person_typing,True,"A short personal reply about scheduling a meetup during an NYC visit, ending with a physician's professional signature block. A person quickly typed this, likely on a phone or email client with an auto-appended signature.",To confirm a meeting time of around 4-5 pm and check if that works for the recipient.
211430981878,human,other_human,True,person_typing,True,A brief business reply attaching a signed NDA as part of trial prerequisites. Written by a person continuing an existing business thread.,To deliver the signed NDA and move the trial process forward.
213997904119,human,referral,True,person_typing,True,"A polite decline of an outreach/invite email, explaining the company isn't looking for external support and naming who would own the topic if that changes. A person composed this reply themselves.","To decline a conversation but offer to review written/slide materials, and redirect future inquiries to Amit Sikka."
214781199598,human,wants_call,True,person_typing,True,"A short enthusiastic reply agreeing to meet for coffee at CVPR, from someone who hasn't planned their schedule yet. Clearly typed by a person.",To confirm interest in chatting and asks the recipient to recommend a time.
216070679788,human,other_human,True,person_typing,True,"A vendor's business reply announcing a rebrand (Appalux to AARTIC AI), attaching a documentation packet with company profile, case studies, and SOPs. Written by a person as part of a vendor onboarding conversation.",To deliver requested vendor documentation and be told the next onboarding steps to join Encord's data-labeling vendor pool.
218980622530,human,other_human,True,person_typing,True,A terse one-line reply giving a volume estimate for a project's first phase (300 hours of video). Typed quickly by a person answering a question in an evaluation discussion.,To communicate the expected data volume for the first phase of the evaluation.
219140852973,other_bot,n/a,False,marketing_system,False,"An automated HubSpot notification reporting that a contact (Neal Oman of Vouched) submitted a webinar registration form, with UTM tracking details and contact/company info. Generated by HubSpot's form-submission notification system.",nothing
221539738825,out_of_office,n/a,False,autoresponder,False,An out-of-office auto-reply in Spanish ('Respuesta automática') stating the sender is away until 16 June 2025. Sent automatically by the sender's mailbox autoresponder.,nothing
223317158127,other_bot,n/a,False,ticketing_system,False,"A HubSpot @mention notification: James Watson tagged colleagues in a CRM note containing detailed sales-call notes about the company Spyne. The notification is machine-generated, though the note content itself was written by a person inside the CRM.","nothing (the underlying note's author wants colleagues to read the opportunity background, but the email itself is an automated notification)"
223398967491,human,not_interested,True,person_typing,True,A reply from a prospect saying his team already met with Encord in 2023 and they're happy with their current labeling platform. A person typed this to close out the outreach.,To decline further conversation and clarify they are not interested in switching platforms.
223582117058,other_bot,n/a,False,ticketing_system,False,A HubSpot daily task digest telling Charlotte she has no tasks due today. Fully automated scheduled notification from the CRM.,nothing
224388209892,human,asks_question,True,person_typing,True,A business reply providing a company billing address and asking follow-up questions about contract paperwork. Typed by a person progressing a deal.,To supply the address for paperwork and get answers about the payment schedule and early-termination terms of the 2-year subscription.
225427136712,other_bot,n/a,False,ticketing_system,False,A HubSpot notification informing Shreya she was made Inbound BDR Owner of a contact. Automated CRM assignment notification.,nothing
227141698751,other_bot,n/a,False,ticketing_system,False,"A HubSpot notification that 2 contacts were assigned to Shreya, listing their names and details. Automated CRM notification.",nothing
227372203205,human,wants_call,True,person_typing,True,"A one-line reply confirming a suggested meeting time, sent from Outlook for iOS. Typed by a person on their phone.",To confirm that Friday 11AM CT works for the meeting.
228131346655,other_bot,n/a,False,ticketing_system,False,An automated candidate-activity report from Lever (recruiting software) listing new applicants for a Commercial Associate job posting. Generated on a schedule by the applicant-tracking system.,nothing
230345623766,other_bot,n/a,False,ticketing_system,False,A HubSpot notification that 2 contacts (from shopic.co) were assigned to Shreya. Automated CRM assignment notification.,nothing
232526445783,human,not_interested,True,person_typing,True,"A polite rejection reply from a prospect saying they chose a different analytics tool and won't proceed with Encord, with a full corporate signature and disclaimer. Typed by a person.",To inform Encord they are not moving forward and end the sales process.
232611631309,human,not_now,True,person_typing,True,"A very short reply following a declined calendar invite, saying the sender needs to reschedule and isn't available until September. Typed by a person.",To reschedule the meeting for September or later.
235604772079,human,wants_call,True,person_typing,True,A reply apologizing that a colleague (Amit) needs to move a meeting and proposing a new time. Typed by a person (likely an assistant) coordinating scheduling.,To reschedule the meeting to Thursday at 1:30pm PST and get confirmation.
236068656350,human,asks_question,True,person_typing,True,"A detailed reply from a prospective customer deferring a call but sharing substantial requirements: 5,000-10,000 hours of audio annotation over 12 months, metadata enrichment details, and growth projections. Thoughtfully typed by a person new to data labeling.","To postpone the call, ask what its purpose would be, confirm whether their volumes fit Encord's services, and get guidance on data labeling."
236314993885,other_bot,n/a,False,ticketing_system,False,A HubSpot notification that 29 contacts (mostly from menteebot.com) were assigned to Shreya. Automated CRM assignment notification.,nothing
236452979960,human,wants_call,True,person_typing,True,"A warm reply thanking the sender for a dinner event, mentioning an upcoming vacation until the 18th, and agreeing to a walkthrough afterwards. Typed by a person.",To express thanks and agree to a quick walkthrough after returning from vacation on Friday the 18th.
236482909380,other_bot,n/a,False,ticketing_system,False,A HubSpot notification that 97 contacts (from searidgetech.com) were assigned to Shreya. Automated CRM assignment notification.,nothing
239078127829,other_bot,n/a,False,ticketing_system,False,"A HubSpot notification that 9 companies were assigned to Yianni, listing five of them. Automated CRM assignment notification.",nothing
239127848169,human,wants_call,True,person_typing,True,"A reply from a tax accountant about an amended tax return, saying he's busy with other clients but can fit in a 15-minute call around 3 or talk Monday. Typed by a person with a full professional signature.",To offer two possible call times and learn what specific queries the recipient has.
239459346679,other_bot,n/a,False,ticketing_system,False,A HubSpot notification that 100 contacts (from vecnarobotics.com) were assigned to Shreya. Automated CRM assignment notification.,nothing
240809522420,calendar_bot,n/a,False,calendar_or_scheduling_tool,False,"An empty-bodied calendar RSVP with subject 'Tentative: [Encord] AI Leaders Dinner' — a tentative response to a calendar invite, generated automatically by the invitee's calendar system when they clicked 'Maybe'.",nothing (the RSVP itself signals a tentative attendance)
241157782731,other_bot,n/a,False,ticketing_system,False,"A HubSpot Sales Workspace daily digest summarizing today's meetings and tasks (0 meetings, 58 email tasks). Fully automated scheduled CRM digest.",nothing
241461775577,calendar_bot,n/a,False,calendar_or_scheduling_tool,False,"A HubSpot meeting-scheduler notification telling Sara that Goncalo Rodrigues booked a meeting on her booking link, with date, time, and Google Meet details. Automated by the scheduling system.","nothing (the booker wants the meeting to happen, but the email is machine-generated)"
242421240053,human,not_interested,True,person_typing,True,A courteous decline from a prospect at Jumio saying they're satisfied with their current model-evaluation and annotation tooling. Typed by a person.,To decline the sales pitch and close the conversation politely.
242578154711,other_bot,n/a,False,ticketing_system,False,A HubSpot notification that 66 tasks (mostly 'Call this contact' tasks) were assigned to Sara. Automated CRM task-assignment notification.,nothing
242605031667,human,not_now,True,person_typing,True,A short reply saying the sender hasn't progressed the commercial discussion and needs to postpone the meeting to next Friday. Typed by a person.,To postpone the meeting until next Friday.
246321434827,calendar_bot,n/a,False,calendar_or_scheduling_tool,False,"A Google Calendar acceptance notification: Neha Parnandi accepted the 'Encord / Doxel' meeting invite, with Meet link and event details. Generated automatically by Google Calendar when she clicked Accept.",nothing (the acceptance signals attendance)
246757376223,other_bot,n/a,False,ticketing_system,False,A HubSpot notification that 100 companies were assigned to James Falconer. Automated CRM assignment notification.,nothing
248186066167,human,other_human,True,person_typing,True,A four-word reply ('Got a conflict.') sent from an iPhone. A person quickly typed this to flag a scheduling clash.,To signal they cannot attend the scheduled meeting and implicitly need to reschedule.
248922852547,other_bot,n/a,False,ticketing_system,False,"A HubSpot system alert telling Yianni that his outgoing CRM email could not be sent because the recipient previously bounced, marked spam, or unsubscribed. Automated delivery-failure notification from the CRM (not the mail server itself).",nothing
249265184961,human,not_now,True,person_typing,True,"A polite decline of a dinner invitation because the invitee will be out of town, expressing interest in future events. Typed by a person.",To decline this dinner but stay on the list for future similar events.
249654216937,other_bot,n/a,False,ticketing_system,False,A HubSpot notification that Alex Winstone made Yianni the CA Account Owner of the company 'ultra.tech'. Automated CRM ownership-assignment notification.,nothing
250119147749,human,not_now,True,person_typing,True,"A personal reply declining a dinner invitation, amusingly noting the sender's own email automation had misclassified the original invite. Typed by a person via Superhuman.","To decline this event but be invited to future ones, especially in SF."
252254669025,other_bot,n/a,False,ticketing_system,False,A HubSpot notification that Alex Winstone made Yianni the CA Account Owner of the company 'Connex One'. Automated CRM ownership-assignment notification.,nothing
252552747211,other_bot,n/a,False,ticketing_system,False,A HubSpot notification that 5 contacts were assigned to James Golby. Automated CRM assignment notification.,nothing
254280167621,out_of_office,n/a,False,autoresponder,False,"An out-of-office automatic reply saying the sender is traveling on business in the US timezone this week and may respond slowly, with alternate support/customer-success contact addresses. Sent by the mailbox's autoresponder.",nothing (it redirects urgent matters to team addresses)
260968520917,human,wants_call,True,person_typing,True,A brief reply in a thread about Encord user limits proposing a meeting time. Typed by a person.,To schedule a meeting at 4:30 PM IST and get confirmation the time works.
262007336123,human,wants_call,True,person_typing,True,"A reply from a CEO pushing back on a meeting time he didn't agree to, offering alternative windows. Typed by a person on a busy morning.",To reschedule to around 4pm EST today or Monday morning.
262031149280,other_bot,n/a,False,ticketing_system,False,A HubSpot notification making Shreya the Inbound BDR Owner of a contact named 'No Distribution' (a likely junk/disposable-address form submission). Automated CRM assignment notification.,nothing
264588966101,human,not_now,True,person_typing,True,A short reply declining interest for the near future while leaving the door open. Typed by a person.,To decline for now; will reach out if circumstances change.
264771229905,other_bot,n/a,False,ticketing_system,False,A HubSpot notification that Yianni was made Contact owner of 'Lahsen Iflillis'. Automated CRM assignment notification.,nothing
264802882765,other_bot,n/a,False,ticketing_system,False,A HubSpot notification that Yianni made James Watson the Company owner of 'IDVerse - An OCR Labs Company'. Automated CRM ownership-assignment notification.,nothing
265085430997,other_bot,n/a,False,ticketing_system,False,A HubSpot notification that James Watson was made Deal owner of the 'Vection Technologies Deal'. Automated CRM assignment notification.,nothing
267730111675,human,other_human,True,person_typing,True,"A very short thank-you reply after a call, acknowledging materials sent. Typed by a person.",To acknowledge and thank the sender; no action requested.
269571453136,other_bot,n/a,False,ticketing_system,False,A HubSpot notification that Carl was assigned the task 'CB check' (check who has sales activities) with a due date. Automated CRM task-assignment notification.,nothing
269892232431,human,not_interested,True,person_typing,True,"A polite reply declining an invitation to a session because the company isn't interested in labeling point clouds, with a full corporate signature and confidentiality footer. Typed by a person.",To decline the invitation and indicate the topic is not relevant to them.
270149399781,other_bot,n/a,False,ticketing_system,False,A HubSpot notification that 57 companies were assigned to Sara. Automated CRM assignment notification.,nothing
270154319079,human,asks_question,True,person_typing,True,A reply in a user-count review thread asking for the list of 6 project-associated users so the customer can decide whether to add or remove them. Typed by a person.,To receive the list of the 6 users identified so they can decide how to manage them.
270182913231,other_bot,n/a,False,ticketing_system,False,A HubSpot notification that 2 contacts were assigned to Shreya. Automated CRM assignment notification.,nothing
270732005589,other_bot,n/a,False,ticketing_system,False,An automated Lever candidate report listing 10 new applicants and other recruiter activity on a followed job posting. Scheduled report from the applicant-tracking system.,nothing
274371439810,other_bot,n/a,False,ticketing_system,False,A HubSpot notification that Winnie Zhu made Yianni the Company owner of 'Tangiblee'. Automated CRM ownership-assignment notification.,nothing
276634870985,human,other_human,True,person_typing,True,A three-word reply ('Here we go!') presumably accompanying an attached updated contract. Typed by a person.,To deliver the updated contract (likely attached).
280490430678,human,wants_call,True,person_typing,True,"A friendly follow-up reply proposing to meet this week to discuss a data uplift and new features, sent from Outlook for Mac. Typed by a person.",To find time this week for a call about a potential data uplift and relevant new features.
281578903787,calendar_bot,n/a,False,calendar_or_scheduling_tool,False,"A Google Calendar acceptance notification: Nikolay Vitanov accepted the 'Encord x Beatpulselabs' meeting invite, with Meet details and the organizer's agenda embedded from the invite. Generated by Google Calendar on acceptance.",nothing (the acceptance signals attendance)
282105052375,calendar_bot,n/a,False,calendar_or_scheduling_tool,False,A Google Calendar acceptance notification: Julia Rose accepted the 'Winnie & Julia - pre-dinner chat' invite. Machine-generated by Google Calendar.,nothing
282820754653,calendar_bot,n/a,False,calendar_or_scheduling_tool,False,"A Google Calendar acceptance notification: David Grant accepted the '[Encord] Physical AI Mixer @ Actuate' event invite, with event agenda and location details. Generated by Google Calendar.",nothing
283818397906,human,wants_call,True,person_typing,True,"A reply confirming a proposed call time and confirming availability for an event on the 23rd, with a full professional signature and confidentiality footer. Typed by a person.",To confirm 1pm Friday for the call and confirm attendance on the 23rd.
284258918604,human,wants_call,True,person_typing,True,A reply confirming a rescheduled training-sync time and asking for three colleagues to be added to the meeting invite. Typed by a person.,To confirm Wednesday 7 PM Israel time and have three named colleagues added to the calendar invitation.
285587600628,human,wants_materials,True,person_typing,True,"A reply from a finance controller about a billing change, apologizing for being unaware of it and asking for payment details. Typed by a person.",To receive a credit-card payment link or bank account details so they can pay.
287525768416,human,wants_call,True,person_typing,True,A brief warm reply accepting an invitation to the Physical AI Mixer event. Typed by a person.,To accept the event invitation.
289282127036,calendar_bot,n/a,False,calendar_or_scheduling_tool,False,"A Google Calendar invitation email for a Zoom meeting ('James <> Ben : Crane GTM') organized by Ben Wright, containing Zoom join details and RSVP options. Generated by Google Calendar when the organizer created the event.","nothing directly (the organizer wants the recipient to attend and RSVP, but the email itself is machine-generated)"
291031338175,human,not_now,True,person_typing,True,A short reply saying the team hasn't revisited a package-upgrade proposal yet and will discuss next week. Typed by a person.,To buy time; they will discuss internally and respond next week — no action needed from the recipient.
292066416845,calendar_bot,n/a,False,calendar_or_scheduling_tool,False,A Google Calendar notification that Dinesh Thakur replied 'Maybe' to the 'Encord & Burro' invite and proposed a new time (Thu 2 Oct 3:30-4pm). Generated by Google Calendar's propose-new-time feature.,"nothing directly (the guest wants the meeting moved to the proposed time, but the email is machine-generated)"
293274148044,calendar_bot,n/a,False,calendar_or_scheduling_tool,False,A Google Calendar acceptance notification: bhaskar.bandyopadhyay@gatik.ai accepted the '[Encord] Physical AI Mixer @ Actuate' event invite. Machine-generated by Google Calendar.,nothing
295102315746,human,other_human,True,person_typing,True,A two-line grateful reply about residual annotation hours ('That's a great news. Thanks for supporting us.'). Typed by a person.,To express thanks; no action requested.
301653797077,human,other_human,True,person_typing,True,"A detailed reply about labeling-services pricing: the writer set up 3 example Encord projects with sample annotations and describes the grading standards (diabetic retinopathy severity, macular edema, image quality, landmarks) for expert and non-expert annotators. Carefully typed by a person.",To share example projects and annotation specifications so Encord can scope and price the labeling services.
301658822897,calendar_bot,n/a,False,calendar_or_scheduling_tool,False,A Google Calendar acceptance notification: Mark Seagrief accepted the 'Encord X Broadcast virtual | Demonstration' invite. Machine-generated by Google Calendar.,nothing
305878552822,human,not_now,True,person_typing,True,A short reply from a phone (Outlook for Android) saying the proposed time doesn't work and the sender will coordinate with colleagues before getting back. Typed by a person.,To decline the proposed time and promise to follow up with an alternative after coordinating with Ian and Richard.
121678263523,human,other_human,True,person_typing,True,"A reply from the Real-IAD dataset team providing a Hugging Face download link and instructions for getting access approved. Written by a person handling dataset access requests, possibly semi-templated but personalized to the recipient (Skander).",The recipient to reply with their Hugging Face account name (if different from their email) so access can be approved.
123732361433,human,wants_call,True,person_typing,True,"A short, friendly reply from Ashish accepting a suggestion to connect and proposing a visit to his office in Bryant Park. Clearly typed by a person continuing an ongoing conversation.","To meet in person, suggesting Alex stop by his office in Bryant Park."
126167700684,other_bot,n/a,False,mail_server,False,"An automated notification saying Joseph Baddour reacted with a 'like' to a message, generated by an email/messaging system (Outlook-style reaction notification), not typed by a person.",nothing
127817043168,human,wants_call,True,person_typing,True,"A reply from David Menashe (CTO of RSIP Vision) confirming receipt of a first data batch, mentioning annotator time constraints, and asking about availability. Typed by a person in a business conversation.",Confirmation whether someone from the Encord team is available 5-6pm Israel time during the week.
130524473570,human,wants_call,True,person_typing,True,A short personal reply from Ravi accepting an invitation to an Encord AI Leaders Dinner after returning from vacation. Typed by a person.,To confirm his attendance at the dinner.
131038547140,human,wants_materials,True,person_typing,True,"A follow-up reply from Ebony after a product demo, thanking for it and asking for materials. Typed by a person in a sales conversation.","A deck overviewing Encord's offerings and data infrastructure, plus more detail on on-premise setup constraints."
131291929837,human,not_now,True,person_typing,True,"A reply from Laksiya at Adigo declining to proceed after reviewing something, citing capacity constraints. Typed by a person, with a long corporate signature including a booking link.",To politely decline moving forward with system changes for now; no action requested.
131481555182,human,wants_call,True,person_typing,True,A very short thank-you reply from Ayoosh confirming he is looking forward to the dinner event. Typed by a person.,Nothing beyond expressing thanks and confirming attendance.
134220662975,human,wants_call,True,person_typing,True,A brief reply giving an office address in Porto and confirming a meeting tomorrow. Typed by a person coordinating an in-person meeting.,To share the meeting address and confirm they will see each other tomorrow.
135719694543,human,not_now,True,person_typing,True,A reply from Alexandre Attia (AZmed co-founder/CTO) explaining they don't currently need a CT labeling platform and would prefer a demo later. Typed by a person politely deferring a sales conversation.,To postpone any product demo until they are focused on their next product; no action needed now.
136243369148,human,wants_call,True,person_typing,True,A short German-style reply (AW: prefix) from Margit confirming that Tuesday 11/2 works for a proposed meeting. Typed by a person.,To confirm the proposed Tuesday meeting time.
136622507233,human,not_now,True,person_typing,True,A reply from Max declining a dinner invitation for tonight but expressing genuine interest in future events. Typed by a person.,To be notified about similar future events even though he can't attend this one.
140270396623,human,other_human,True,person_typing,True,"A reply from Kevin, sent from his iPhone, saying he'll be out of town for the dinner and asking whether a colleague can attend in his place. Typed by a person.",Permission to send a member of his leadership team to the dinner in his place.
141076196567,human,not_interested,True,person_typing,True,"A reply from André Bleau at Genetec declining Encord's services because such work must be done internally and is often contractually restricted. Typed by a person, with a long bilingual corporate signature.",To decline the offering; no further action requested.
141306235080,human,wants_call,True,person_typing,True,A reply from Milutin Spasić at Sportradar expressing interest in a hands-on evaluation of Encord's tool and proposing a quick call to arrange it. Typed by a person.,A quick call to agree on the details of a hands-on evaluation of the platform.
141625302226,human,other_human,True,person_typing,True,A reply from Dr. Matthew Bloom at Cedars Sinai giving his office address and phone number for an upcoming in-person meeting. Typed by a person.,To provide his address and contact number so the visitor can find him.
142572124401,human,wants_call,True,person_typing,True,A reply from Mariia proposing a specific slot for an SDK demo and committing to share custom data beforehand. Typed by a person coordinating a demo.,To schedule a 90-minute SDK demo session on 24.02.25 at 10am.
144051405017,human,referral,True,person_typing,True,"A reply from Adith declining a dinner invitation because he'll be in India, and offering to forward the invite to his ML team. Typed by a person.",Confirmation whether it's appropriate to forward the invitation to his ML team so someone else can attend.
144166662383,human,other_human,True,person_typing,True,A reply from Marcus at Gentian delivering updated trial data files (8-bit PNGs with labels) via a Google Drive link and explaining their structure. Typed by a person actively working on a trial.,For the Encord team to check the files and report any issues; also confirmation that class names can be updated in the interface.
149428288728,human,other_human,True,person_typing,True,"A one-line reply from Kaushik stating his dietary restriction (no red meat), presumably ahead of a dinner event. Typed by a person.",To inform the organizer of his dietary restriction.
155645990103,human,other_human,True,person_typing,True,A reply from Michael agreeing that getting an NDA in place is the best next step so they can discuss their use-case openly. Typed by a person in a sales/partnership discussion.,To proceed with putting an NDA in place; he will start the internal process on his side.
157730998504,human,other_human,True,person_typing,True,A short update from Evan at Weave Robotics saying he uploaded new annotation instructions and did an example annotation as discussed. Typed by a person doing collaborative project work.,To notify the team that the new instructions and example annotation are ready for review.
158656328950,out_of_office,n/a,False,autoresponder,False,A standard out-of-office automatic reply from Yair Han at Mobileye saying he is unavailable and directing contacts to a colleague. Generated automatically by his mailbox in response to an incoming email.,nothing
162055050443,human,wants_call,True,person_typing,True,A reply apologizing for missing a proposed meeting today and asking to reschedule. Typed by a person managing a partnership discussion.,To reschedule the meeting to Thursday.
162331639019,human,wants_call,True,person_typing,True,A reply declining a dinner invitation but confirming meeting availability later in the week and sharing a colleague's email to include. Typed by a person.,To book the Thursday 9:30 or 10:30 AM PST call with Patrick included.
163811545316,human,asks_question,True,person_typing,True,"A detailed reply from Verobotics answering Encord's discovery questions about admin accounts, annotators, and annual annotation volume, plus a counter-question about annotation workforce scaling. Typed by a person.","Answers on how Encord handles annotation tasks and flexible annotator scaling, ahead of Monday's discussion."
163919155430,human,other_human,True,person_typing,True,"A long, link-heavy follow-up from Jamie Porter, a Gong Account Executive, recapping pilot progress, the mutual success plan, and attaching decks. Typed by a person (a salesperson) though heavily polished with marketing links.",To keep the pilot momentum going and prepare for tomorrow's meeting reviewing Gong instance insights.
164524182743,human,not_interested,True,person_typing,True,A reply from Miguel declining a dinner invitation because he'll be off for his kids' spring break. Typed by a person.,To decline politely and be considered for future events.
165986675918,human,referral,True,person_typing,True,"A one-line reply from UiPath's CIO adding a colleague (Dragos Moise) to the email thread, with only a signature otherwise. Typed by a person.",To loop Dragos Moise into the conversation.
166103560396,out_of_office,n/a,False,autoresponder,False,"An automatic reply, but its content is a farewell message in Portuguese and English from José Mendes saying it was a pleasure to be part of the team — apparently a departed employee's auto-response. Generated automatically by the mailbox.",nothing
166725819633,human,other_human,True,person_typing,True,"A reply about the dinner logistics: no dietary restrictions, but warning he may arrive around 7pm due to a late call and commute from Santa Clarita. Typed by a person.",Confirmation that arriving as late as 7pm would not cause problems.
166792173779,human,wants_call,True,person_typing,True,A reply from Samyadeep Saha at Swiss Re apologizing for missing an invite due to a personal emergency and offering availability next week. Typed by a person.,For Charlotte to schedule a meeting Tuesday-Thursday next week before 5:30 PM IST.
170198881492,human,other_human,True,person_typing,True,A one-line reply from Janice confirming the PO is in place and she can now sign the Order Form. Typed by a person in a procurement flow.,To confirm she is ready to sign the Order Form now.
171269146810,human,asks_question,True,person_typing,True,A short support-style reply thanking Eliza and asking a follow-up question about account settings. Typed by a person.,To know whether the email address associated with their account can be changed (not just the screen name).
171375493361,calendar_bot,n/a,False,calendar_or_scheduling_tool,False,An empty-bodied message whose subject shows a calendar invitation acceptance ('Accepted: ... End of Trial Check In'). This is an automated RSVP response generated by a calendar system when the invitee clicked Accept.,nothing
172190750958,out_of_office,n/a,False,autoresponder,False,"A standard out-of-office automatic reply from Omer at Pixellot, directing urgent matters to a colleague. Generated automatically by the mailbox.",nothing
174218819801,human,wants_call,True,person_typing,True,A brief reply from Aya Mikami at AppFolio confirming availability for a kickoff call on a specific date and time. Typed by a person.,To confirm Thursday April 10th at 9:30 am PT for the kickoff call.
175363189954,human,wants_call,True,person_typing,True,"A short reply from Doug Richards, sent from mobile, saying he's at a board retreat next week and proposing the following week instead. Typed by a person.",To reschedule the meeting to the week after next.
176861460673,human,other_human,True,person_typing,True,"A casual reply confirming 12:30 CET works for a support session, while noting the writer may not personally attend. Typed by a person.",To confirm the 12:30 CET time; the team will attend even if he can't.
177236816077,human,wants_call,True,person_typing,True,An enthusiastic reply from HP at Loopr confirming a Wednesday 9am PST kickoff and asking for the invite. Typed by a person.,"The calendar invite sent to him, Leo, and Chris for Wednesday 9am PST."
177530020077,human,other_human,True,person_typing,True,A very short reply from Rivo saying he could do a call if absolutely necessary but prefers email. Typed by a person.,To keep the conversation over email rather than a call.
178231569615,human,asks_question,True,person_typing,True,"A frustrated reply from Lindsey Solovey at Whiterabbit expressing confusion about whether Encord actually offers annotation services, referencing conflicting information. Typed by a person.","A clear, honest answer about whether Encord offers annotation services; she doesn't want her time wasted."
178375861450,human,other_human,True,person_typing,True,"A reply from Lydia Schulz, a medical administrative assistant at what appears to be Mayo Clinic, explaining payment documents are done but net-60/net-30 terms can't be changed on their side. Typed by a person.","For Encord to call their Supply Chain Management (507-266-5551, vendor option) to change the payment terms."
179038556366,human,wants_materials,True,person_typing,True,"A positive reply about a subscription renewal, saying the team looks forward to the updated proposal. Typed by a person.",To receive the updated proposal when ready; offers help if anything is needed meanwhile.
181071959277,human,wants_call,True,person_typing,True,A one-line reply proposing a specific time to reschedule a call. Typed by a person.,Confirmation whether 1PM next Monday works for the rescheduled call.
182776006843,human,other_human,True,person_typing,True,A short reply acknowledging receipt of a draft order form during a subscription renewal. Typed by a person.,Nothing immediately; they will review the order form and respond.
183254075602,human,other_human,True,person_typing,True,"A reply from Sarah Smith, events manager at Spruce restaurant, saying their event spaces are booked on May 15th, offering the waitlist, alternate dates, and a sister restaurant. Typed by a person in a venue-inquiry conversation.",To know whether Winnie wants a different date checked; also suggests contacting sister restaurant La Connessa.
183734618332,human,wants_materials,True,person_typing,True,"A reply from Raven noting they are evaluating competitors (Labeller, SuperAnnotate) and still waiting on Encord's pricing. Typed by a person.",The pending pricing information from Encord.
183743152342,human,wants_call,True,person_typing,True,A reply from Ohad Shitrit at Mobileye apologizing for missing an email and noting a holiday in Israel next week. Typed by a person.,Meeting slot options for the week after next instead of next week.
188865209560,human,other_human,True,person_typing,True,A three-word thank-you reply after a dinner event. Typed by a person.,Nothing; just expressing thanks.
188896360673,human,other_human,True,person_typing,True,A reply from Roshni at Dolby confirming a 1-hour meeting on May 6 and deferring a separate data-management discussion until attendees are decided. Typed by a person.,To confirm the May 6 meeting arrangement; no immediate action requested.
189862983911,human,other_human,True,person_typing,True,"A quick, informal message reporting bad traffic and a revised arrival time of around 7:15 for a dinner. Typed by a person, likely from a phone.",To let the host know he will arrive around 7:15.
190939261163,human,not_interested,True,person_typing,True,"A polite, considered reply from José Duarte at Sensei declining to switch to Encord and staying with their current software, while praising the product. Typed by a person.",To formally close the evaluation; no further action requested.
192374656230,human,other_human,True,person_typing,True,A reply from Chad McKee at Airbnb apologizing for a delay (the relevant team was out) and promising an update this week on contracts. Typed by a person.,Patience; he will get back this week with the path forward.
192919806186,human,other_human,True,person_typing,True,"An enthusiastic reply from Hassaan Raza, CEO of Tavus, accepting an invitation to present at an Encord event and adding his head of marketing to coordinate. Typed by a person.","To confirm they'll present, with Julia coordinating the presenter, topic, and details."
193899190469,human,wants_materials,True,person_typing,True,A reply from Shruthi apologizing for missing the earlier email and enthusiastically accepting the May 15th mixer invitation. Typed by a person.,More details about the event she has agreed to join.
194520230085,human,not_now,True,person_typing,True,A short reply from Alex declining a mixer invitation because he's in the middle of a sprint. Typed by a person.,To decline the invitation; no action needed.
194800935101,human,asks_question,True,person_typing,True,"A reply from Ivan ahead of a Monday demo, explaining their file-sharing is restricted to internal recipients. Typed by a person.",An online folder or upload location where he can drop a zip file of example data.
194902445272,human,wants_call,True,person_typing,True,A one-line confirmation from Jacob that Monday at 11:30 AM works for a meeting. Typed by a person.,To confirm the Monday 11:30 AM meeting time.
196024638681,human,referral,True,person_typing,True,"A thoughtful reply from Kaynam explaining he's leaving Schneider for a startup where Encord isn't relevant, and recommending a contact at Planon instead. Typed by a person.",Nothing for himself; he suggests Encord reach out to Henk Laracker at Planon using his name as a referral.
196091557073,human,wants_call,True,person_typing,True,A short reply from Brandon thanking for a dinner invitation and asking to join if spots remain. Typed by a person.,A spot at the dinner if still available.
196939846851,human,other_human,True,person_typing,True,A reply from Diana Moser in Micron's procurement team attaching their response to requested NDA changes. Typed by a person handling a legal/procurement negotiation.,For James to review Micron's attached response to the NDA changes and advise.
197083214059,human,not_interested,True,person_typing,True,"A brief French reply declining an invitation to an AI leaders dinner in Paris. Typed by a person, with a corporate signature.",To decline the dinner invitation; no action needed.
197855608003,human,not_now,True,person_typing,True,A short French reply from Amos declining the Paris dinner invitation because he won't be in Paris that week. Typed by a person.,To decline the invitation; no action needed.
198808880329,human,wants_call,True,person_typing,True,"A reply to a cancelled calendar event from Rayal at Siemens Healthineers suggesting a phone call instead since it's just the two of them, and sharing his personal number. Typed by a person.",For Skander to call him on 929-810-5066 instead of the video meeting.
199361360087,human,other_human,True,ticketing_system,False,"A message routed through Tripleseat, an event-management/ticketing platform ('Reply above this line'), containing a human-typed comment from venue staff saying billing is sorted with a credit card on hand. The wrapper, tokens, and unsubscribe links are machine-generated; the comment inside is from a person.",To reassure the organizer that payment/closing out the event is handled; no action needed.
204289461494,human,not_now,True,person_typing,True,A terse reply declining further engagement because the writer is 'heads down' and not opening new threads. Typed by a person.,To be left alone for the near future; no follow-up wanted.
206016495861,human,other_human,True,person_typing,True,A four-word enthusiastic confirmation before a meeting. Typed by a person.,Nothing; just confirming they'll see each other soon.
206916338908,human,other_human,True,person_typing,True,"A reply from Roshni at Dolby clarifying NDA confusion, saying she'll confirm coverage with their lawyer and check dates with colleagues. Typed by a person.",Nothing immediately; she will verify the NDA scope and get back with dates.
207790864579,human,wants_call,True,person_typing,True,A short reply from Michael Letterio at Cognex proposing a meeting window. Typed by a person.,Confirmation whether Skander is free Tuesday May 27 between 9-11am EDT.
208009494718,human,other_human,True,person_typing,True,A one-line friendly sign-off confirming something sounds good and wishing a great weekend. Typed by a person.,Nothing; just acknowledging and closing the exchange.
209741061325,human,wants_materials,True,person_typing,True,A reply from Mark at GEA (sent from Outlook for iOS) saying he can't attend the demo meeting and asking for pricing instead. Typed by a person.,A rough price point for Encord to share with his team.
209876267204,human,other_human,True,person_typing,True,"A reply from Will closing out a billing question, noting a colleague already answered it earlier in the thread. Typed by a person.",Nothing; confirming the issue is resolved.
209937815776,human,other_human,True,person_typing,True,A warm French thank-you note from Alexis after an AI leaders dinner. Typed by a person.,Nothing; just thanking the host and saying it was nice to finally meet.
210563574995,human,wants_materials,True,person_typing,True,A reply from Fabienne at Waste Robotics thanking for a demo and saying they need internal time to assess the solution's benefits. Typed by a person.,Access to the meeting recording so it can be shared with Ziad.
308490891471,calendar_bot,n/a,False,calendar_or_scheduling_tool,False,"A Google Calendar notification informing the organiser that Jacqui Bourne has accepted the invitation to the Encord AI Leaders Dinner. It is machine-generated boilerplate with meeting link, phone dial-in, and calendar settings footer, produced automatically when the guest clicked 'Accept'.",nothing
308661155004,human,referral,True,person_typing,True,"A short one-line human reply about the SF AI Leaders Dinner, saying he is adding a colleague to coordinate. Written by Rish, CEO of Spot AI, with his normal email signature.",To loop in a colleague ('low') to coordinate the dinner logistics
313243299002,human,wants_call,True,person_typing,True,"A friendly personal reply from Yinghou to James's outreach about meeting at ICCV. The writer says Encord is new to them, confirms attendance on Tuesday 10/21, and plans to stop by the booth.",To confirm meeting at ICCV and asks for any preferred contact methods beyond email
313630171348,human,other_human,True,person_typing,True,"A brief human reply from Eleana explaining she cannot switch Teams organizations due to company policy, and that she has messaged via her own org's Teams instead. A typical typed workplace coordination email.",Confirmation that her Teams message was received; otherwise to continue coordinating by email
314285275337,human,other_human,True,person_typing,True,"A short personal note from Ari declining tonight's Boston dinner due to pressing work, while confirming he still plans to meet the Encord team at Pickle HQ tomorrow. Clearly typed by a person.",To send regrets for the dinner and keep tomorrow's meeting on
314845481195,calendar_bot,n/a,False,calendar_or_scheduling_tool,False,A Google Calendar notification that Yves Görgen accepted the 'Encord/Upcircle - Path Forward' meeting invite. Standard auto-generated RSVP email with Meet link and dial-in details.,nothing
314989034709,human,other_human,True,ticketing_system,False,"A message from the events manager at The Nautilus Pier 4 confirming everything is set for tonight's business dinner, delivered through the Tripleseat event-management platform (note the 'reply above this line' banner, tracking token, and unsubscribe links). A human wrote the one-line message; the ticketing-style system wrapped and sent it.",To confirm the dinner booking is all set; no action needed
317992626377,human,other_human,True,person_typing,True,"A two-line human reply from Matteo about the ICCV AI Leaders Dinner outreach, saying he will stop by the Encord booth during the conference. Plainly typed by a person.",To let Winnie know he will visit the booth
318809999568,human,wants_call,True,person_typing,True,A very short typed reply from Chris Van Dyke (CEO of Overview.ai) offering a time: 'I can do Friday at 9:30'. A human scheduling response.,To confirm Friday 9:30 as his available meeting time
319272130798,human,wants_call,True,person_typing,True,"A typed reply from Satish Raj, CTO of Pro-Vigil, apologising for the delay and proposing Friday Oct 31 between 8-10am PST for the demo. A normal human scheduling email with full signature.","Confirmation from the Encord team whether Fri Oct 31, 8-10am PST works for the demo"
319608856823,calendar_bot,n/a,False,calendar_or_scheduling_tool,False,A Google Calendar notification that Philipp Renner has declined the Wayve x Encord trial support session invite. Auto-generated RSVP boilerplate with meeting details and guest list.,nothing
328123993279,human,asks_question,True,person_typing,True,"A detailed human email from Bharath confirming he can access the Encord project and listing five specific product questions about annotation gaps, VLM augmentation, keypoint tracking, mask tracking, and viewing submitted annotations. Clearly typed by an engineer evaluating the platform.",Answers to his five platform questions and a quick hands-on walkthrough of the platform
328322896080,calendar_bot,n/a,False,calendar_or_scheduling_tool,False,"A Google Calendar notification that farshid@glydways.com accepted the Spruce SF AI Leaders Dinner invite. The body includes the organiser's event description (agenda, location, dietary-requirements request) but the email itself was auto-generated by the accept action.",nothing
331270222036,human,wants_call,True,person_typing,True,A short typed reply from Olivia noting she actually lives in Montana but would love to learn more about Encord. A genuine human response to outreach.,To set up a demo of Encord
335829568752,calendar_bot,n/a,False,calendar_or_scheduling_tool,False,A Google Calendar notification that Alon Rosenberg accepted the 'Alon / Carl' meeting on Nov 4. Standard machine-generated RSVP email.,nothing
340823103736,human,other_human,True,person_typing,True,A one-line typed acknowledgement from Asim at Zoox thanking Winnie for the update. Simple human courtesy reply.,To be kept informed if anything changes
341271169223,human,asks_question,True,person_typing,True,"A typed business email from Elena at MMI requesting several annotation-hour balance figures: hours left at contract renewal, hours paid this quarter, remaining balance, and the next batch date. Written by a person managing a vendor relationship.","The requested annotation-hour balances, the next batch availability date, and a weekly balance report going forward"
342269252825,human,other_human,True,person_typing,True,A brief typed acknowledgement from Kat regarding a catering platter order: 'Sounds good. Thanks for letting me know.' A human closing the loop.,nothing beyond acknowledging the update
354855032039,calendar_bot,n/a,False,calendar_or_scheduling_tool,False,A Google Calendar notification that Vladyslav Sysiuk accepted the 'Encord platform discussion' invite for Nov 14. Auto-generated RSVP boilerplate.,nothing
355755364591,calendar_bot,n/a,False,calendar_or_scheduling_tool,False,"A Google Calendar notification that Arindam Singha accepted Shreya's placeholder chat invite. The body carries Shreya's original invite note, but the email itself was produced automatically by the accept action.",nothing
359803346168,human,wants_call,True,person_typing,True,A typed request from Abhimanyu at Skild asking to move the 'Next steps' meeting to Friday because his team is still finalizing requirements. A normal human rescheduling email.,To reschedule the meeting to this Friday
360403576056,human,not_now,True,person_typing,True,A one-line typed message from a Tevel Aerobotics contact telling Kamil they will postpone the decision on Encord's product until early 2026. Human-written with an inline image reference.,To communicate the deferral; no immediate action requested
361011109061,human,asks_question,True,person_typing,True,"A typed follow-up from Chris, a candidate for an AE position, saying his chat with Christian went well and noting he hasn't yet received the invite for tomorrow's meeting. Clearly a person managing an interview process.","Confirmation of tomorrow's meeting time and any agenda details, plus the missing calendar invite"
362118925516,human,wants_call,True,person_typing,True,"A hastily typed apology explaining a board meeting ran over and the writer thought the demo started at 1, adding that they are available now. Human, informal, sent in the moment.",To join the missed Encord Active demonstration now
367289529583,human,other_human,True,person_typing,True,"A substantive typed reply from Yu (appears to be Ring/vendor-evaluation context) explaining their workflow flexibility, that inference results are provided per vendor for ablation, and that vendors may optionally use them. A person discussing project mechanics.",To clarify workflow options; promises to send a high-level milestone schedule later tonight
369925675197,human,other_human,True,person_typing,True,"A typed note from Zeeshan, sent from Outlook for iOS, explaining he missed his train from the Nuremberg fair and may be too late to join the Munich dinner. A human sending regrets in transit.",To warn he will likely miss or be late to the dinner
375169796318,human,not_now,True,person_typing,True,A short friendly typed reply from Pio agreeing to keep in touch over the coming months regarding the SynDiag/Encord demo. A polite human close-out.,To keep the relationship warm; no immediate action
375717213397,calendar_bot,n/a,False,calendar_or_scheduling_tool,False,A Google Calendar notification that Kacper Kania accepted the Encord/Cantina Labs intro call. Standard machine-generated RSVP email.,nothing
379971453125,human,wants_call,True,person_typing,True,A one-line typed availability note: 'I'm available until week 51 (December 15th)'. A human answering a scheduling question about the Robot/Encord intro.,A meeting to be scheduled before December 15th
380913157328,human,wants_materials,True,person_typing,True,"A typed follow-up from Elizabeth, Director of Supplier Operations at Science Exchange, checking whether William will be sending over the balance sheet needed for an application review. A person chasing a document.","The balance sheet, so their finance team can review it"
384023107782,human,other_human,True,person_typing,True,"A typed product-feedback note from Alex Spencer, an ML engineer at Flock Safety, observing that individually clicked tracking jobs run in parallel while bulk-selected ones run in series. Human feedback on the Detect & Track feature.",To flag the parallel-vs-series tracking behavior for the product team to consider
385134312689,human,other_human,True,person_typing,True,A brief typed reply agreeing tentatively to a proposed step but first sharing a Google Docs scope document for the Encord team to review. Human-written coordination.,The Encord team to review the shared scope doc before proceeding
386094336239,human,other_human,True,person_typing,True,"A two-word confirmation ('Got it and accepted it.') from Girdhari Ghantiyala at Oracle, followed by his corporate signature. A human acknowledging receipt of an invite or document.",nothing beyond confirming acceptance
391129014497,human,other_human,True,person_typing,True,"A typed reply from Martijn Flikweert, CEO of Flikweert Vision, reporting that the DocuSign link Kamil just sent does not work, with a screenshot reference and the quoted thread below. A human flagging a broken link.",A working DocuSign link so he can sign the contract
391142144212,human,wants_call,True,person_typing,True,"A typed scheduling reply from Mohamed at Volvo confirming Wednesday 17 Dec 11am-1pm CET works, suggesting one hour is enough, and adding data curation and monitoring to the agenda. A human confirming a meeting.",The meeting booked for Wed 17 Dec (1 hour) with data curation and monitoring on the agenda
394695249140,calendar_bot,n/a,False,calendar_or_scheduling_tool,False,"A Google Calendar notification that Shiraj Sen accepted the Encord x Motional curation deep dive invite, with Motional's confidentiality footer appended. Machine-generated RSVP email.",nothing
397655333091,human,not_now,True,person_typing,True,"A warm typed reply from Kais Bedioui at SEAFAR saying he admires Encord and will join the webinar, but that adoption isn't a priority since he's the only CV engineer and their pipeline won't change now. A thoughtful human decline that leaves the door open.","To decline for now, keep in touch, and asks if he may connect on LinkedIn"
397884470513,security_scan,n/a,False,security_gateway,False,An automated notification from PG&E's email encryption service (Microsoft-based) saying Jharna Aggarwal has sent a secure message that must be read via a portal link. No human-typed content is visible; the email is generated by the encryption gateway.,nothing (the underlying sender wants the recipient to open the secure message via the portal)
402696543481,human,other_human,True,person_typing,True,A one-line typed confirmation from Sampreeth Radha Krishna: 'Sounds great! See you then!' about a CES meeting. Human courtesy confirmation.,nothing beyond confirming the meeting
407437568233,other_bot,n/a,False,subscription_system,False,"An automated transactional notification from Spendesk telling Shreya a £6.94 payment was made on her card and explaining how to submit the receipt, including the remaining card balance. Entirely machine-generated by the expense platform.",nothing (the system prompts the cardholder to upload a receipt)
409843920073,human,other_human,True,person_typing,True,"A casual typed reply apologising for the slow response and explaining the writer worked around an issue by duplicating the agent, which now works fine. Human, informal, with a pasted screenshot.",Nothing further; letting support know the issue is resolved via a workaround
416923819249,human,asks_question,True,person_typing,True,"A typed reply from Seunghwan Lee at a medical AI company describing their CT/MR/PET segmentation labeling needs and DICOM/NIfTI requirements, noting he is not the decision maker but wants to evaluate the tool. A genuine human inquiry.",Trial access to Encord so he can test it and introduce it to his data team
421533181143,human,referral,True,person_typing,True,"A brief typed referral from Jerry pointing to Maryam Bandari at persona.ai as the best contact, since she is researching data collection companies. A human passing along a contact.",For Encord to contact Maryam Bandari instead of him
424722042079,human,wants_call,True,person_typing,True,"A courteous typed reply from Mina Tsuchida at AWL acknowledging contract-update coordination, awaiting Maira's response, and asking for another alignment discussion with Abdul and Fadoua. Formal human business correspondence.","Another meeting scheduled with Abdul, Fadoua, and herself; Tomoko will follow up with candidate dates"
425480896713,calendar_bot,n/a,False,calendar_or_scheduling_tool,False,A Google Calendar notification that Harini Sridharan declined the Levit/Encord chat invite. Machine-generated RSVP email.,nothing
425503959251,human,other_human,True,person_typing,True,"A two-word typed thank-you from Eric Pence of Perceptron AI with his signature. Human acknowledgement, nothing more.",nothing
425548199147,human,wants_materials,True,person_typing,True,"A typed reply describing a need to label 3D robotic data collected via humanoids, mentioning a 50+ person team and an early-stage project. A human prospect responding to sales outreach.",To learn more about how Encord can support their humanoid 3D data labeling use case
426618484945,human,other_human,True,person_typing,True,A short polite typed note from Tomoko Saito at AWL thanking Arisha for accommodating the rescheduled dates. Human courtesy reply.,nothing beyond thanks; looking forward to the meeting
426694369485,calendar_bot,n/a,False,calendar_or_scheduling_tool,False,"A Google Calendar notification that Yuqi Li accepted the Doctronic/Encord chat invite, with Doctronic's HIPAA footer. Machine-generated RSVP email.",nothing
433615596738,human,other_human,True,person_typing,True,"A typed reply from Sean Krepp at TEKsystems praising the analytics session and noting their dummy data is delayed, so he asks to push the schedule back one week. Human business coordination.",To push the next step back by one week due to delayed dummy data
436718147829,calendar_bot,n/a,False,calendar_or_scheduling_tool,False,A Google Calendar notification that Carl-Johann Simon-Gabriel replied 'Maybe' to the Encord/Mirelo PoC catch-up invite. Machine-generated tentative-RSVP email.,nothing
439560236271,human,wants_materials,True,person_typing,True,A typed email from Olle Holmberg at Helsing thanking for the testing invites and listing what he wants to understand next week: platform costs and annotation workforce size/pricing. A human prospect chasing promised commercial information.,"Pricing information for the platform and annotation workforces from Leo, ideally tomorrow, even as ranges"
444597134556,human,wants_call,True,person_typing,True,"A short typed reply from Abhijeet Pise at Assent agreeing to do the S3 setup tomorrow to save time, noting his annotation team is waiting to start. Human scheduling confirmation.",To hold the S3 setup session tomorrow so his annotation team can begin
446033295605,human,wants_call,True,person_typing,True,An enthusiastic two-line typed reply about Human Web Grading saying 'Very cool! Would love to chat'. A human proposing a time.,"To chat, asking whether Colin is free on Monday"
449631443160,human,other_human,True,person_typing,True,A one-line typed confirmation for the SF Autonomy & AI Leaders Dinner stating the writer has no dietary restrictions. Human RSVP detail.,nothing beyond confirming no dietary restrictions
450883650777,human,other_human,True,person_typing,True,"A long, confidential typed briefing ahead of a meeting, describing EY-style workshop work with Lloyds Banking Group on onboarding redesign and the recurring theme of unstructured/multimodal data needs. Clearly written by a person preparing Leo for a discussion.","To share confidential background context ahead of their LBG prep discussion, kept in confidence"
456381359318,human,asks_question,True,person_typing,True,"A brief typed nudge from Emahn Novid, a software engineer, asking Leo for any update on commercials and next steps in the Encord/SICK conversation. Human follow-up.",An update on commercials and next steps
457485219041,other_bot,n/a,False,subscription_system,False,"An automated daily digest from Gong summarising the team's 18 external meetings and largest deals for Feb 18, with deal values, stages, and yesterday's call recaps. Entirely machine-generated from CRM/call data.",nothing
458613398754,human,wants_call,True,person_typing,True,A short typed scheduling reply from Omar proposing Friday Feb 20th at 12pm PT for a Zoom call about the SF AI Leaders' Dinner. Human availability response.,The Zoom call booked for Friday 12pm PT
458792937697,other_bot,n/a,False,subscription_system,False,"An automated Gong notification that the recording and AI-generated analysis of the Encord & Field AI demo call is ready, with machine-summarised key points. Produced by Gong's platform after the call.",nothing
459586655477,calendar_bot,n/a,False,calendar_or_scheduling_tool,False,A Google Calendar notification that Ilaria Favilli accepted the Encord/Scandit PoC catch-up invite. Machine-generated RSVP email.,nothing
459780011256,other_bot,n/a,False,subscription_system,False,An automated daily Gong digest for Feb 21 reporting no external meetings today and recapping Friday's deals and calls. Machine-generated summary email.,nothing
461903884509,other_bot,n/a,False,subscription_system,False,"An automated Gong notification that the recording and AI analysis of the daily Skild & Encord call is ready, with summarised key points and next steps. Machine-generated.",nothing
462693242078,human,wants_call,True,person_typing,True,"A formal typed email from the MIRISE team acknowledging Steffan's departure from Encord, proposing a handover meeting time, and providing a detailed written summary of the evaluation background (trial plans, security review, NuScenes dataset) for Olivia's benefit. Carefully human-written.",To confirm the proposed handover meeting slot (Thu 26 Feb 8:00-10:00 GMT) and ensure a smooth transition
463336512742,human,other_human,True,person_typing,True,"A typed reply about the GL Prototype pricing model, thanking for the fast response, noting the writer is travelling to the US, delegating real-time communication to a colleague, and answering inline below. Human business correspondence.",To hand off live communication to Oleh Kozak while travelling and to convey inline comments on pricing
463717489909,other_bot,n/a,False,subscription_system,False,"An automated Gong notification that the Encord & Archer Aviation call recording and AI analysis is ready, with machine-summarised key points about Archer's autonomy plans and Encord's platform. Machine-generated.",nothing
468667695290,out_of_office,n/a,False,autoresponder,False,"An automatic out-of-office style reply stating Gautam Nain is no longer with FORTNA and directing business requests to a colleague's address, explicitly noting it is an automated communication. Produced by an email autoresponder, with a Mimecast scanning footer.",nothing (the canned message redirects senders to michaelschindler@fortna.com)
469495734519,other_bot,n/a,False,subscription_system,False,"An automated Gong notification that the CurveBeam AI call recording and analysis is ready, with AI-summarised key points about their FDA review and DICOM annotation needs. Machine-generated.",nothing
470218857720,other_bot,n/a,False,subscription_system,False,"An automated Gong notification that the Encord & Contoro Robotics demo recording and analysis is ready, with machine-generated key points about their annotation and curation needs. Machine-generated.",nothing
470829581548,other_bot,n/a,False,subscription_system,False,"An automated Gong notification that the Neusoft Automotive call recording and analysis is ready, summarising a medical-data annotation trial discussion and pricing. Machine-generated.",nothing
472733215972,human,not_now,True,person_typing,True,"A personally written message from Lingkai at Tacta, delivered attached to a calendar event (the event details follow the note), announcing that due to shifted priorities they are deferring the data-platform decision, won't proceed with Encord for now, and cancelling today's meeting. The words are human even though the email carries calendar boilerplate.","To end the evaluation politely, cancel today's meeting, and revisit in Q2"
476248326377,other_bot,n/a,False,subscription_system,False,"An automated daily Gong digest for Mar 9 listing the team's 9 external meetings, top deals, and Sunday's recap. Machine-generated from Gong's revenue platform.",nothing
477499551977,calendar_bot,n/a,False,calendar_or_scheduling_tool,False,"A Google Calendar notification that Benjamin Kolligs accepted the Encord/Maven testing wrap-up invite, including the organiser's two-topic agenda in the event body. Machine-generated RSVP email.",nothing
477743093994,other_bot,n/a,False,subscription_system,False,"An automated Gong notification that the Encord/Noimos trial check-in recording and analysis is ready, with AI-summarised points about SDK performance, PDF classification, and annotation hours. Machine-generated.",nothing
477891036390,human,wants_call,True,person_typing,True,"A typed reply from Paul about the Rivanna Medical + Encord March sync, flagging a conflicting meeting in the proposed slot. Human rescheduling request.","To move the meeting one hour later, or to the Wednesday of the following week"
478306468080,calendar_bot,n/a,False,calendar_or_scheduling_tool,False,"A Google Calendar notification informing the organiser that Qian Chu has accepted a demo meeting invitation, with the full event details (Meet link, phone dial-in, time, guest list) reproduced in the body. This is machine-generated by Google Calendar when a guest clicked Accept.",Nothing beyond notifying that the guest will attend; no reply expected.
478316758212,other_bot,n/a,False,subscription_system,False,"A daily automated digest from Gong summarizing the recipient's meetings and deal activity for the day (no external meetings, Thursday's recap). Produced entirely by Gong's notification system on a schedule.",nothing
478348108018,human,wants_call,True,person_typing,True,A very short human reply in an ongoing sales thread ('Sounds good to me. Talk to you on Monday.') with a booking-link signature. Clearly a person typing a quick confirmation on their phone or desktop.,To confirm agreement with the proposed plan and the Monday conversation; no action needed.
478755588322,human,asks_question,True,person_typing,True,"A brief human reply to a dinner invitation for an event at GTC, saying they will check their schedule and asking a question. A person typed this directly.",To receive the current attendee list for the dinner before committing.
479544598738,other_bot,n/a,False,subscription_system,False,"An automated Gong notification announcing that a call recording and AI-generated analysis of the 'Encord <> Forterra | PoC wrap' meeting is ready, including auto-summarized key points. Generated by Gong's recording pipeline after the call ended.",nothing
479781207281,out_of_office,n/a,False,autoresponder,False,An out-of-office automatic reply stating the sender is at NVIDIA GTC with limited email access and will respond by Monday March 23. Sent automatically by the sender's mailbox autoresponder.,nothing (informs of delayed response; no action requested)
480291196150,other_bot,n/a,False,subscription_system,False,"A daily automated Gong digest listing the recipient's 8 external meetings for the day, with deal values, stages, and AI-generated briefs of previous calls per account. Produced by Gong's scheduled notification system.",nothing
480706160865,human,other_human,True,person_typing,True,"A short human-written follow-up chasing an overdue invoice ('Invoice Overdue 33 days'), acknowledging the recipient was on leave and asking for an update. Typed by an accounts-receivable person named Lloyd.",An update on the overdue invoice / payment status.
481047118030,other_bot,n/a,False,subscription_system,False,"An automated Gong notification that the recording and AI analysis of the 'LTM & Encord - chat' call is ready, with auto-generated key points. Machine-produced by Gong after the call.",nothing
481543194841,other_bot,n/a,False,subscription_system,False,"An automated Gong notification that the 'Encord <> Mirise - Trial Update' call recording and analysis is ready, with AI-summarized discussion points about the trial evaluation. Produced by Gong's post-call pipeline.",nothing
481885783240,calendar_bot,n/a,False,calendar_or_scheduling_tool,False,A Google Calendar acceptance notification: Gabriela Salvador Thume accepted a platform-demo invite. The body is machine-assembled by Google Calendar and includes an Amplemarket-injected attendee-info block; no human wrote any of it.,nothing
482306341104,other_bot,n/a,False,subscription_system,False,"An automated Gong notification that the 'Proposal discussion' call with havocai.com is recorded and analyzed, with AI key points about pricing and deployment options. Produced by Gong.",nothing
482338631869,human,not_now,True,calendar_or_scheduling_tool,False,"A calendar decline notification for 'Agreement sync' that carries a short personal note typed by Marzena explaining she will be on holiday on 10th April, followed by a long corporate disclaimer. The delivery wrapper is the calendar system but the note itself is human.",To let James know she cannot attend on 10 April because she is on holiday (implicitly inviting a reschedule).
482342217965,calendar_bot,n/a,False,calendar_or_scheduling_tool,False,A Google Calendar acceptance notification: Piotr Mitoraj accepted the 'Encord <> Scandit | Catch-up' meeting. Entirely machine-generated with the event details and guest list.,nothing
482792872130,calendar_bot,n/a,False,calendar_or_scheduling_tool,False,A Google Calendar acceptance notification: Alvise Susmel accepted a placeholder introductory chat invite; body includes the organiser's event description and an Amplemarket attendee block. Machine-generated by Google Calendar.,nothing
482794869986,other_bot,n/a,False,subscription_system,False,"An automated Gong notification that the 'Encord & Cookunity | Product Demo' call recording and AI analysis is ready, listing summarized key points about meal-QC use cases. Produced by Gong's system.",nothing
483226837207,human,other_human,True,person_typing,True,"A human-written reply from a hotel restaurant director attaching a final banquet event order (BEO) for a dinner, noting a chef's garnish change on the pork chop. Typed by a person with a full corporate signature.",For the recipient to review the attached final BEO and confirm or raise questions.
483359719647,human,wants_call,True,person_typing,True,A short human reply confirming that April 10th works for a meeting ('see you then'). A person typed this quick scheduling confirmation.,To confirm attendance on Apr 10; no further action needed.
483406490819,human,not_now,True,person_typing,True,A brief human reply from Maihem's CEO saying he is on sick leave and proposing to reschedule the catch-up to two weeks out. Personally typed.,To reschedule the meeting to roughly two weeks later.
483754684639,human,not_interested,True,person_typing,True,A polite human-written decline of a dinner invitation from a Disney Imagineering project manager. Typed by a person with a standard signature.,To decline the invitation; no action needed.
484676880591,calendar_bot,n/a,False,calendar_or_scheduling_tool,False,A Google Calendar acceptance notification: Wesley Kerr accepted the Eric/Wes meeting on May 4. Machine-generated event summary with Meet link and guests.,nothing
484688890069,human,wants_call,True,person_typing,True,A short human reply saying the sender just sent a calendar invite for 4pm PST Monday and offering Wednesday as backup. Typed by a person coordinating a feedback call.,"For the recipient to accept the Monday invite (or flag a conflict, in which case Wednesday works)."
485600727273,other_bot,n/a,False,subscription_system,False,"An automated Gong notification that the 'Joe <> Andreas: Encord Intro' call with AGCO is recorded and analyzed, with AI key points. Produced by Gong.",nothing
485676642514,calendar_bot,n/a,False,calendar_or_scheduling_tool,False,"A Google Calendar meeting invitation for 'Andrew Bell and Noah Parker', originating from a Calendly booking (Calendly cancel/reschedule links included) and delivered as a calendar invite with RSVP options. Entirely machine-generated by the scheduling tools.",An RSVP (Yes/No/Maybe) to the proposed 15-minute meeting.
486313957576,human,not_interested,True,person_typing,True,"A human-written reply declining tomorrow's dinner because the sender's daughter is sick, apologizing for the short notice. Clearly typed by a person.",To cancel her dinner attendance and be excused; hopes to join a future event.
486593069265,other_bot,n/a,False,subscription_system,False,"An automated Gong notification that the 'Encord <> Ouster | Weekly' call recording and AI analysis is ready, summarizing a pricing negotiation. Produced by Gong.",nothing
488708807901,human,wants_call,True,person_typing,True,A very short human reply thanking Winnie for understanding and confirming a meeting invite has been moved to next week. Typed by a person in a vendor-outreach thread.,To confirm the rescheduled meeting; no action needed.
488929161438,human,other_human,True,person_typing,True,A human-written reply from a business development consultant acknowledging received availability and promising to confirm a slot after checking with his team. Typed by a person with a full signature block.,Nothing immediately; he will get back with a chosen time slot.
488949793015,calendar_bot,n/a,False,calendar_or_scheduling_tool,False,A calendar acceptance for 'S&P <> Encord - intro' whose visible body is only S&P Global's standard confidentiality disclaimer — the acceptance itself was generated by the calendar system when the guest clicked Accept.,nothing
489875020022,other_bot,n/a,False,security_gateway,False,"A notification from PG&E's email encryption gateway saying Cindi Preece has sent a secure message that must be read via a link. The wrapper is machine-generated by the encryption/security system (Microsoft-based), not typed content.",For the recipient to click through and read the actual secure message (the underlying sender presumably has a real request inside).
490134676690,human,other_human,True,person_typing,True,"A human-written follow-up from a sales VP at SmartOne attaching annotator profiles for review, as previously discussed. Typed by a person with a full signature.",For Winnie to review the attached profiles and confirm whether they match requirements.
490271848634,other_bot,n/a,False,subscription_system,False,"An automated Gong notification that the 'Brose invite' call recording and AI analysis is ready, with key points about labeling/inference integration. Produced by Gong.",nothing
490535624897,human,wants_materials,True,person_typing,True,A human-written request in a POC thread asking Encord to share one or two sample videos and a short guideline so the vendor can pre-screen annotators before final screening. Typed by a person.,"Sample videos to be annotated plus a brief guideline, before Monday."
490660217058,calendar_bot,n/a,False,calendar_or_scheduling_tool,False,"A calendar acceptance notification with a Korean subject ('수락:' meaning 'Accepted:') for an Encord & Cognex deployment/security meeting, with an empty body. Generated by the guest's calendar system when they accepted.",nothing
490744658124,human,asks_question,True,person_typing,True,"A short human question from a user testing the product, asking how to propagate SAM3 labels through an image-group sequence since the option seems gone. Typed by a person mid-evaluation.",Help/instructions on propagating SAM3 labels through the sequence in the new image group.
491404743882,calendar_bot,n/a,False,calendar_or_scheduling_tool,False,A Google Calendar acceptance notification: Lynne Starling accepted the weekly Encord/Ouster meeting. Machine-generated event details.,nothing
491836182751,other_bot,n/a,False,subscription_system,False,"A daily automated Gong team digest listing the team's 11 external meetings, top deals, and yesterday's recap with AI call briefs. Produced by Gong on a schedule.",nothing
491868230855,other_bot,n/a,False,subscription_system,False,An automated Gong notification that the 'Encord x Universal Robots' call recording and AI analysis is ready. Produced by Gong's post-call system.,nothing
493320004817,calendar_bot,n/a,False,calendar_or_scheduling_tool,False,A calendar acceptance notification for 'Encord (Hugo) // Steve - reconnect' with a completely empty body. Generated automatically when the guest accepted the invite.,nothing
493390814434,human,wants_materials,True,person_typing,True,"A human-written business email attaching an annotation spec and quality criteria and asking for a pilot proposal delivering >95% quality, with a go/no-go decision targeted for end of next week. Typed by a prospective customer.","A pilot proposal from Encord meeting >95% quality against the attached spec, within about a week."
493415749843,human,other_human,True,person_typing,True,"A detailed human-written legal reply proposing three specific redline changes to a mutual NDA (efforts standard, adding contractors, replacing the export-control clause), asking Encord's legal team to sign off. Typed by a person on the counterparty's side.",For Encord to route the proposed NDA changes to its legal team for approval so both sides can execute.
493444873459,human,asks_question,True,person_typing,True,"A human-written email from a Fusion CX operations manager giving feedback on a POC and asking what Encord's expected frames-per-hour throughput is, with an embedded image. Typed by a person.",Clarification of Encord's expectation on number of frames per hour for the annotation work.
493648168147,human,other_human,True,person_typing,True,A short human email from Boston Dynamics' legal operations attaching a signed order form and requesting Encord's countersignature. Typed by a person.,Encord to countersign the attached order form.
493970429159,human,other_human,True,person_typing,True,A brief human follow-up from a vendor chasing an unanswered question about a POC. Typed by a person with a signature block.,A response regarding the POC decision/status.
494975360205,human,not_now,True,person_typing,True,A short human reply declining a CVPR dinner invitation because the sender won't attend the conference this year. Typed by a person.,To decline the invitation; no action needed.
495485498578,human,wants_call,True,person_typing,True,"A human reply saying the calendar invitation hasn't arrived and that 10 CET doesn't work, proposing 14h or 17h30 instead. Typed by a person coordinating a reconnect call.",A rescheduled time (14:00 or 17:30 CET) and the invite to be sent/re-sent.
495662337235,human,asks_question,True,person_typing,True,A one-line human message relaying that Nisha reports the document was opened but not yet signed. Typed by a person nudging on an MNDA signature.,An update on why the MNDA hasn't been signed / for the signing to happen.
495703433460,human,wants_call,True,person_typing,True,"A human-written partnership update: the proposal was shared with the wider team and Milestone, who received it well and are open to hearing a proposal; the sender offers to organise a kick-off call ahead of GTC Berlin. Typed by a person.",Encord's thoughts on next steps so he can arrange a kick-off call.
495805791481,human,wants_materials,True,person_typing,True,A short human reply sharing a phone number and inviting the recipient to send info over WhatsApp. Typed by a person.,For James to send information via WhatsApp to the provided number.
496892831959,human,other_human,True,person_typing,True,"A personal human email announcing the sender has been recovering from an accident, is stepping back from his role at World Labs into an advisory position, and sharing his personal email for future contact. Typed by a person.",To inform of his departure/transition and provide his new personal contact email; no action required.
497401134306,human,wants_call,True,person_typing,True,A short human outreach checking in after a while to see if reconnecting makes sense. Typed by a person on the counterparty side.,A status update and possibly a reconnect meeting.
498818014424,human,other_human,True,person_typing,True,"A one-line human acknowledgment: 'Ok, thanks for confirming.' Typed by a person closing out a thread.",Nothing; just acknowledging the confirmation.
499116413118,auto_ack,n/a,False,autoresponder,False,"An automatic reply from E.ON's customer service mailbox stating they aim to respond within 5 working days and routing common queries (Heat supply issues, E.ON Next accounts) to other channels. Generated by a shared-mailbox autoresponder.",nothing (directs certain queries to other addresses/tools)
499120160962,human,wants_materials,True,person_typing,True,A short human reply to a dinner invitation saying the sender must check childcare with his partner and asking for more details. Typed by a person.,More details about the dinner event.
499149461694,calendar_bot,n/a,False,calendar_or_scheduling_tool,False,A Google Calendar acceptance notification: Joe Schafer accepted the 'Encord <> Canals; Build vs Buy' meeting. Machine-generated event summary.,nothing
499647349976,human,other_human,True,person_typing,True,"A detailed human-written email, apparently from an immigration attorney's office, listing outstanding evidence needed for Kamil's L-1A visa petition (promotion proof, CVs, org-chart corrections, payroll evidence, office lease, managerial documentation). Typed by a person working the case.",The listed documents and clarifications from Kamil/Encord to complete the L-1A questionnaire and checklist.
500068379857,human,asks_question,True,person_typing,True,"A human-written email from a customer contact asking clarifying questions about how Encord defines projects, whether annotator/auditor workflows are separate projects, what training looks like, and whether Encord would be on-site for defect resolution. Typed by a person planning implementation.",Answers/direction on project structure and training so her team can plan engineering resources and stay on schedule.
501300040924,human,wants_call,True,person_typing,True,"A short human reply confirming an 11am meeting time, from Recycleye's CTO with a full signature. Typed by a person.",To confirm 11am; no further action needed.
501801148657,human,other_human,True,person_typing,True,"A human-written email delivering requested materials: a sample basketball footage link and current annotation guidelines/ontology, ahead of tomorrow's discussion. Typed by a person.",For Encord to review the sample data and guidelines and say if anything else is needed before the call.
501884992701,human,referral,True,person_typing,True,"A human-written update from a SoftBank contact: still awaiting Japan team feedback for the pricing proposal, and announcing her upcoming maternity leave with Daisuke as the new primary contact. Typed by a person.",Nothing immediate; informs of the pending status and the contact handover.
501988121796,human,asks_question,True,person_typing,True,A very short human reply acknowledging a point and asking whether Encord currently has demand for USA-based egocentric data. Typed by a person exploring a supplier relationship.,An answer on whether Encord needs US-based egocentric data collection.
502561083600,human,not_interested,True,person_typing,True,A brief human decline of an AI/ML leaders lunch invitation due to unavailability. Typed by a person with a signature.,To decline; no action needed.
502818944193,human,other_human,True,person_typing,True,"A human-written reply thanking for meeting notes and explaining that an internal marketing/communications review meeting is scheduled for next Wednesday, after which he will schedule a follow-up with Annabel. Typed by a person.",Nothing immediate; signals a follow-up meeting will be scheduled after their internal review.
503381056752,human,other_human,True,person_typing,True,"A thoughtful human-written email describing how the sender vibe-coded a custom annotation UI on Label Studio with Claude Code, what flexibility matters to them, and asking whether Encord can match that flexibility while noting Encord's support could be a differentiator. Typed by a person evaluating tools.","To know whether Encord can match Label Studio's UI/code flexibility (fast custom UI iteration, role/access control) before choosing."
503499837685,human,wants_call,True,person_typing,True,"A short, friendly human reply saying they are not fully ready yet — mostly a high-level need — but open to catching up without promising a crisp problem statement. Typed by a person.",To temper expectations while agreeing to a catch-up conversation.
503581991133,human,other_human,True,person_typing,True,"A cold outreach sales pitch from Jupiter AI Labs introducing their AI data collection/annotation services, listing capabilities and offering a Calendly link to book an intro meeting. Though templated in style, it was sent as a personal email by a salesperson.",An introductory meeting (via the Calendly link) and consideration for any RFPs or vendor-onboarding opportunities.
503803850969,human,not_now,True,person_typing,True,A human-written reply from the Philadelphia Phillies' computer vision lead thanking for follow-up materials and explaining internal budget discussions will run a couple of weeks before next steps. Typed by a person.,Nothing immediate; she will report back on next steps and may send questions.
504284700903,human,not_interested,True,person_typing,True,A short human decline of a GenAI dinner invitation because the sender is out of the country. Typed by a person.,To decline; no action needed.
505389829313,human,other_human,True,person_typing,True,A human-written follow-up from an executive assistant checking on the status of Leo's July coaching invoice and when payment should be expected. Typed by a person.,Confirmation of when the coaching invoice will be paid.
506626243780,human,asks_question,True,person_typing,True,"A human reply saying tomorrow doesn't work, promising to check with radiologists, and asking which Encord platform features are superior to competitor Centaur; also notes travel to NYC next week. Typed by a person.","A comparison of Encord's features versus Centaur, and flexibility on scheduling the radiologist trial call."
508059338956,human,not_now,True,person_typing,True,"A short human apology for missing a message due to back-to-back meetings, thanking for the notes and promising to circle back. Typed by Instrumental's VP of Engineering.",Nothing immediate; signals they will follow up later.
508072648952,human,not_interested,True,person_typing,True,"A polite human-written reply to a calendar invitation declining the proposed reconnect meeting, explaining they have no budget or plans to expand their labeling vendor ecosystem right now, with the original invite quoted below. Typed by a person.",To cancel the meeting and pause the relationship until priorities change.
508491987143,out_of_office,n/a,False,autoresponder,False,An out-of-office automatic reply stating the sender is away July 28-31 with limited access and naming a colleague for immediate assistance. Generated by the sender's mailbox autoresponder.,nothing (directs urgent matters to Gardo Martinez)
508840952036,unclear,n/a,False,cannot_tell,,"An email with subject 'Blocker Démo Encord' and a completely empty body — likely a mis-sent or stripped message flagging a demo blocker, but with no content there is no way to tell what produced it or what it says.","Unclear; the subject suggests reporting a blocker for an Encord demo, but the body is empty."
